{
 "pval": [ 1.947501, 1.050418, 2.377699, 0.7379068, 3.795226,        4, 0.709663, 1.375574, 1.947501, 1.847281, 1.947501, 2.976031, 2.783236,  2.73348, 1.375574, 1.947501, 2.470459, 0.2666319, 1.003023, 2.238682, 0.6323194, 1.901893, 0.05818392, 1.847281, 1.847281, 0.7379068, 1.645774, 0.3234457,  1.27341, 1.252589, 0.02770709, 1.172144, 1.154901, 0.2155581, 0.9547702, 0.8665316, 0.1700016, 0.6323194, 0.7379068, 0.2666319, 0.1289119, 0.2666319, 0.4607955, 0.3870445, 0.2852815, 0.2666319, 0.2661563, 0.2155581,        0 ],
"enr": [ 3.914991,        4, 1.926632, 3.007637, 0.2944753,        0, 2.853606, 2.199577, 1.652659, 1.637392, 0.9836217,        0,        0,        0,  1.15696, 0.550969,        0, 1.761667, 1.109357,        0,  1.27966,        0, 1.579119,        0,        0, 0.9221256,        0, 1.042617,        0,        0, 1.042617,        0,        0, 0.8085135,        0,        0, 0.594999, 0.1830821,        0, 0.4128018, 0.5151663, 0.3931391,        0,        0,        0,        0,        0,        0,        0 ],
"metap": [        4, 3.363597, 2.567728, 2.267225, 2.238891, 2.143814, 2.119197, 2.061732, 2.024076, 1.940338,  1.49497, 1.432441, 1.306278, 1.274103, 1.249725, 1.173039, 1.106903, 0.9876342, 0.9829802, 0.9644878, 0.8774924, 0.7673429, 0.7436961, 0.7364225, 0.7364225, 0.7047228, 0.626024, 0.5558188, 0.4360074, 0.4258619, 0.4090835, 0.3876211, 0.3797227, 0.372078, 0.2907596, 0.253927, 0.2468156, 0.2437767, 0.203363, 0.2031653, 0.1952739, 0.1946835, 0.1075721, 0.08562869, 0.05812905, 0.05340642, 0.05322504, 0.04111534,        0 ],
"pathnames": [ "Squalene and cholesterol biosynthesis", "Glycerophospholipid metabolism", "Vitamin B9 (folate) metabolism", "Drug metabolism - other enzymes", "Vitamin B2 (riboflavin) metabolism", "Prostaglandin formation from arachidonate", "Histidine metabolism", "D4&E4-neuroprostanes formation", "Limonene and pinene degradation", "Alanine and Aspartate Metabolism", "Putative anti-Inflammatory metabolites formation from EPA", "Butanoate metabolism", "Ascorbate (Vitamin C) and Aldarate Metabolism", "Beta-Alanine metabolism", "Nitrogen metabolism", "Glyoxylate and Dicarboxylate Metabolism", "Biopterin metabolism", "Vitamin B3 (nicotinate and nicotinamide) metabolism", "Arachidonic acid metabolism", "Valine, leucine and isoleucine degradation", "Fructose and mannose metabolism", "Aspartate and asparagine metabolism", "Sialic acid metabolism", "Glutamate metabolism", "TCA cycle", "N-Glycan biosynthesis", "Purine metabolism", "Chondroitin sulfate degradation", "Glycine, serine, alanine and threonine metabolism", "Tryptophan metabolism", "Lysine metabolism", "Glutathione Metabolism", "Porphyrin metabolism", "Heparan sulfate degradation", "Pyrimidine metabolism", "Pentose phosphate pathway", "Methionine and cysteine metabolism", "Ubiquinone Biosynthesis", "3-oxo-10R-octadecatrienoate beta-oxidation", "Aminosugars metabolism", "Pentose and Glucuronate Interconversions", "Hexose phosphorylation", "Arginine and Proline Metabolism", "Drug metabolism - cytochrome P450", "Urea cycle/amino group metabolism", "Linoleate metabolism", "Tyrosine metabolism", "Xenobiotics metabolism", "Caffeine metabolism" ] 
}