{
 "pval": [ 3.348813, 1.911838, 1.911838, 2.791943,        4,        4, 0.9895795, 1.894818, 1.751364, 1.215431, 1.958131, 1.484225,  1.15538,  1.15538, 1.751364, 1.911838, 1.911838, 1.911838, 1.911838, 1.911838, 1.911838, 1.911838, 1.911838, 0.1809478, 0.6941829, 0.3731263, 1.911838, 1.958131,  3.90307, 0.121625, 1.434052, 1.143825, 2.150242, 1.484225, 0.7697851, 0.532268,  1.15538, 0.7697851, 0.7697851,  1.15538, 0.5419908, 0.1809478, 0.8894817,  1.15538,  1.15538,  1.15538,  1.15538, 0.7697851, 1.958131, 1.143825, 0.3731263, 0.7697851, 1.484225, 1.484225, 0.04426139, 0.7697851, 0.3731263, 1.143825, 0.1715242, 0.1809478, 0.6941829, 0.8894817, 0.2615605, 0.6941829, 0.532268,        0, 0.532268, 0.3483555, 0.3731263, 0.0774836, 0.0774836 ],
"enr": [ 3.816896,        4,        4, 3.308426, 1.741592,  1.53544, 3.816896, 2.849723, 2.912096, 2.932034, 2.324358, 2.687719, 2.932034, 2.932034, 2.386989, 2.239209, 2.239209, 2.239209, 2.239209, 2.239209, 2.239209, 2.239209, 2.239209, 3.368203, 2.912096, 3.096071, 1.862582, 1.720547, 0.1550189, 2.912096,  1.80268, 1.979088, 1.110033, 1.450252, 1.782687, 1.841401,  1.21142, 1.487147, 1.487147, 1.149207, 1.556251, 1.741592, 1.150465, 0.8840764, 0.8840764, 0.8840764, 0.8840764, 1.129279, 0.1874349, 0.7124308, 1.262787, 0.9119003, 0.2900821, 0.2900821, 1.404911, 0.818441, 1.033366, 0.4166939, 1.171134, 1.054366, 0.5454522, 0.3755938, 0.8019377, 0.3869132, 0.2341162, 0.6229131, 0.0893947, 0.06490975,        0, 0.1953594, 0.1082917 ],
"metap": [        4, 3.271616, 3.271616, 3.270334, 2.803059, 2.649532, 2.589925,  2.40085, 2.364034,  2.07434, 2.056831,  2.05078, 2.040497, 2.040497, 1.985089,  1.96996,  1.96996,  1.96996,  1.96996,  1.96996,  1.96996,  1.96996,  1.96996, 1.808013, 1.770946, 1.723717, 1.705121, 1.632054, 1.604471, 1.461974, 1.407817, 1.373529, 1.320623, 1.200724, 1.053902, 0.9735243, 0.8861758, 0.869602, 0.869602, 0.8481111, 0.8031862,  0.74521, 0.7243175, 0.690641, 0.690641, 0.690641, 0.690641, 0.6577581, 0.6521979, 0.5879487, 0.5577626, 0.5360872, 0.5027835, 0.5027835, 0.4948425, 0.4856897, 0.4351587, 0.4289749, 0.4246257, 0.3694422, 0.3178875, 0.3100514, 0.2792237, 0.2453068, 0.1318841, 0.1214622, 0.08235393, 0.03454493, 0.02379318, 0.01585844,        0 ],
"pathnames": [ "Vitamin B2 (riboflavin) metabolism", "Electron transport chain", "Fatty acid oxidation", "C21-steroid hormone biosynthesis and metabolism", "Caffeine metabolism", "Pentose phosphate pathway", "Tyrosine metabolism", "Tryptophan metabolism", "Xenobiotics metabolism", "Purine metabolism", "Glycolysis and Gluconeogenesis", "Alanine and Aspartate Metabolism", "Phytanic acid peroxisomal oxidation", "Vitamin B1 (thiamin) metabolism", "Ubiquinone Biosynthesis", "De novo fatty acid biosynthesis", "Di-unsaturated fatty acid beta-oxidation", "Fatty acid activation", "Mono-unsaturated fatty acid beta-oxidation", "Omega-3 fatty acid metabolism", "Omega-6 fatty acid metabolism", "Selenoamino acid metabolism", "Vitamin H (biotin) metabolism", "TCA cycle", "Prostaglandin formation from arachidonate", "Vitamin B6 (pyridoxine) metabolism", "Glyoxylate and Dicarboxylate Metabolism", "CoA Catabolism", "Vitamin E metabolism", "Leukotriene metabolism", "Methionine and cysteine metabolism", "Butanoate metabolism", "Pyrimidine metabolism", "Vitamin B5 - CoA biosynthesis from pantothenate", "Alkaloid biosynthesis II", "Valine, leucine and isoleucine degradation", "Propanoate metabolism", "Keratan sulfate degradation", "N-Glycan Degradation", "Biopterin metabolism", "Drug metabolism - cytochrome P450", "Aspartate and asparagine metabolism", "Histidine metabolism", "Glycosphingolipid biosynthesis - ganglioseries", "Glycosphingolipid biosynthesis - globoseries", "N-Glycan biosynthesis", "Starch and Sucrose Metabolism", "Vitamin A (retinol) metabolism", "Hexose phosphorylation", "Sialic acid metabolism", "Arachidonic acid metabolism", "Galactose metabolism", "Chondroitin sulfate degradation", "Heparan sulfate degradation", "Lysine metabolism", "Vitamin B9 (folate) metabolism", "Vitamin B3 (nicotinate and nicotinamide) metabolism", "Pentose and Glucuronate Interconversions", "Urea cycle/amino group metabolism", "Carnitine shuttle", "Androgen and estrogen biosynthesis and metabolism", "Phosphatidylinositol phosphate metabolism", "Arginine and Proline Metabolism", "Glycerophospholipid metabolism", "Glycosphingolipid metabolism", "Glycine, serine, alanine and threonine metabolism", "Beta-Alanine metabolism", "Ascorbate (Vitamin C) and Aldarate Metabolism", "Fructose and mannose metabolism", "Bile acid biosynthesis", "Porphyrin metabolism" ] 
}