{
 "pval": [ 3.171513,        4,        4,  1.24999, 1.238995, 1.238995, 0.5906551, 1.529049, 2.708534, 1.685949, 0.3709042, 2.484704, 2.407444, 2.018974, 0.7183854, 0.5042067, 0.5042067, 1.423522, 2.106793, 0.186691, 2.054912, 2.018974, 1.646441, 1.813141, 0.3128296, 1.422169, 0.1022409, 1.621077, 0.3544832, 0.05257212, 1.422169, 0.5451253, 1.422169, 0.08495154, 1.313909, 1.416778, 1.231743, 0.7173924, 0.3297299, 1.208937, 1.072943, 0.5590444, 1.074145, 0.186691, 0.953465, 0.9477371, 0.5590444, 0.7195785, 0.674232, 0.5192055, 0.4036155, 0.5192055, 0.4861221, 0.2736938, 0.05257212, 0.3544832, 0.454265, 0.3297299, 0.1377984, 0.2895933, 0.2736938, 0.204537, 0.1498145, 0.1075939, 0.09981873, 0.03203166, 0.006224765,        0 ],
"enr": [        4, 1.217775,        0, 3.630379, 3.366073, 3.366073, 3.778629,  2.09815, 0.03462281, 1.712449, 3.822312, 0.08847851, 0.1730025, 0.6269503, 2.782527, 2.970623, 2.970623,  1.24691,        0, 3.205691,        0,        0, 0.3284841,        0, 2.299038, 0.3889901, 2.545248,        0, 1.992603, 2.387067, 0.07599819, 1.494669,        0, 2.228909, 0.1730025,        0, 0.2827933, 0.8634939, 1.506919,        0, 0.07857669, 0.8942238,        0, 1.286463,        0,        0, 0.4390252,        0,        0, 0.2335981, 0.3799749,        0,        0, 0.3506929, 0.7104813,  0.18211,        0,        0, 0.3019948,        0,        0,        0,        0,        0,        0,        0,        0,        0 ],
"metap": [        4, 3.253814, 2.619571, 2.129783, 1.989469, 1.989469, 1.662612, 1.609769, 1.566536, 1.551226, 1.508734, 1.415767, 1.395126, 1.304629, 1.295834, 1.218242, 1.218242, 1.134356, 1.088216, 1.085504, 1.049814, 1.023317, 0.8965607, 0.8751288, 0.7872564, 0.7648868, 0.7438838, 0.7416258, 0.6910086, 0.6469637, 0.6388839, 0.6200708, 0.6092171, 0.6062156, 0.6060394, 0.605687, 0.5955276, 0.489844, 0.4881428, 0.4746486, 0.4213247, 0.4058285, 0.3944842, 0.3277264, 0.3263066, 0.3232165, 0.2564853, 0.2061463, 0.1849683, 0.1779458, 0.1653563, 0.1186371, 0.1059403, 0.1048315, 0.1026181, 0.0974081, 0.09411737, 0.05335314, 0.05012523, 0.04219989, 0.03816984, 0.02232032, 0.0125435, 0.006746256, 0.005843816, 0.0007171857,        0,        0 ],
"pathnames": [ "Fructose and mannose metabolism", "Carnitine shuttle", "Glutathione Metabolism", "Methionine and cysteine metabolism", "Electron transport chain", "Fatty acid oxidation", "Ubiquinone Biosynthesis", "Galactose metabolism", "Alkaloid biosynthesis II", "Vitamin B9 (folate) metabolism", "Phosphatidylinositol phosphate metabolism", "Saturated fatty acids beta-oxidation", "N-Glycan Degradation", "Sialic acid metabolism", "N-Glycan biosynthesis", "CoA Catabolism", "Vitamin B5 - CoA biosynthesis from pantothenate", "Hexose phosphorylation", "Glutamate metabolism", "D4&E4-neuroprostanes formation", "Biopterin metabolism", "Pyrimidine metabolism", "Nitrogen metabolism", "Tryptophan metabolism", "Pentose and Glucuronate Interconversions", "Keratan sulfate degradation", "Vitamin B6 (pyridoxine) metabolism", "Aminosugars metabolism", "Vitamin E metabolism", "Heparan sulfate degradation", "Glycosphingolipid metabolism", "Glycerophospholipid metabolism", "Beta-Alanine metabolism", "Chondroitin sulfate degradation", "Alanine and Aspartate Metabolism", "Aspartate and asparagine metabolism", "Putative anti-Inflammatory metabolites formation from EPA", "Fatty Acid Metabolism", "Prostaglandin formation from arachidonate", "Pentose phosphate pathway", "Arachidonic acid metabolism", "Starch and Sucrose Metabolism", "Caffeine metabolism", "Selenoamino acid metabolism", "Histidine metabolism", "Arginine and Proline Metabolism", "Glycosphingolipid biosynthesis - globoseries", "Urea cycle/amino group metabolism", "Tyrosine metabolism", "Vitamin B3 (nicotinate and nicotinamide) metabolism", "Lysine metabolism", "Linoleate metabolism", "Valine, leucine and isoleucine degradation", "Glycolysis and Gluconeogenesis", "Xenobiotics metabolism", "Glyoxylate and Dicarboxylate Metabolism", "Glycine, serine, alanine and threonine metabolism", "Drug metabolism - cytochrome P450", "Glycosphingolipid biosynthesis - ganglioseries", "Purine metabolism", "3-oxo-10R-octadecatrienoate beta-oxidation", "Ascorbate (Vitamin C) and Aldarate Metabolism", "Butanoate metabolism", "TCA cycle", "Leukotriene metabolism", "Porphyrin metabolism", "C21-steroid hormone biosynthesis and metabolism", "Androgen and estrogen biosynthesis and metabolism" ] 
}