mz_rt,post,pre,FC_post_div_pre,p,log2_FC_post_div_pre,neglog10p,mz,rt,MPA,Cluster_ID,Cluster_features,Cluster_size
178.0524_2.721,830387.66,325420.9203333333,2.551734102249548,0.0465,1.3514780041216519,1.332547047110046,178.0524,2.721,460841.17000000004,178.0524_2.721,178.0524_2.721,1
215.0021_3.307,25458.18825,11150.286033333334,2.28318701187519,5.48e-4,1.1910490330427517,3.261219441515631,215.0021,3.307,18056.441,215.0021_3.307,215.0021_3.307,1
230.9963_3.838,18045.258875,8117.027783333334,2.2231362706497406,0.00431,1.152596383346961,2.3655227298392685,230.9963,3.838,7759.3057,230.9963_3.838,230.9963_3.838,1
230.9969_3.457,17953.031408333332,8633.579233333334,2.0794424795475996,1.49e-4,1.0561967784590691,3.826813731587726,230.9969,3.457,8095.5585,230.9969_3.457,230.9969_3.457,1
403.1971_3.26,9548.697583333333,4681.049208333334,2.0398626800022686,0.0277,1.0284720357517554,1.5575202309355514,403.1971,3.26,4559.199,403.1971_3.26,403.1971_3.26,1
413.1436_3.2,5400.479083333334,1365.1525045833332,3.95595295412189,0.0392,1.9840252690549032,1.4067139329795428,413.1436,3.2,1666.61115,413.1436_3.2,413.1436_3.2,1
447.0919_4.504,11201.025233333334,2610.087108333333,4.2914373231342955,9.15e-4,2.1014609278326426,3.0385789059335515,447.0919,4.504,7327.2997,447.0919_4.504,447.0919_4.504,1
447.0921_4.067,8604.649858333332,3285.7818941666665,2.618752593898393,0.00226,1.3888797678153284,2.6458915608525992,447.0921,4.067,6185.180200000001,447.0921_4.067,447.0921_4.067,1
