mz_rt,post,pre,FC_post_div_pre,p,log2_FC_post_div_pre,neglog10p
182.0282_0.77,16221.798772727274,4659.610257272727,3.4813638645868,0.0318,1.7996526092931056,1.4975728800155672
215.0021_3.307,26327.496454545457,11188.761127272728,2.3530305236718205,9.06e-4,1.2345200354216845,3.042871802323187
230.9963_3.838,19416.578263636366,8726.598845454546,2.224988063218919,0.00877,1.1537975962223774,2.0570004066339593
230.9969_3.457,19180.213018181817,9225.7673,2.0789829609274686,4.1e-4,1.055877934104807,3.3872161432802645
403.1971_3.26,10050.647345454545,4869.265109090909,2.0640994319019526,0.0445,1.0455124700134246,1.3516399890190685
413.1436_3.2,5845.404,1443.6012663636363,4.049181817860481,0.0386,2.0176304248954406,1.413412695328245
447.0919_4.504,11582.859909090908,2704.534972727273,4.282754716020798,0.00234,2.098539052873663,2.630784142589857
447.0921_4.067,7955.612027272727,2417.135611818182,3.291338718595302,0.00235,1.7186745048858199,2.6289321377282637
