{
 "pval": [ 1.668919, 0.9750554, 3.939817, 2.861648, 3.264349, 3.809874,        4, 1.950002, 1.445636, 1.107505, 1.668919, 1.668919, 2.322481, 1.950002, 1.107505, 1.445636, 1.497233, 1.445636, 1.107505, 1.261773, 1.222132, 0.5185651,        0 ],
"enr": [ 3.870553,        4, 1.228777, 2.062755, 0.980605, 0.2361199,        0,  1.63159, 1.963077,  1.80483, 1.187672, 1.187672, 0.3822873, 0.06280392, 0.6401366, 0.08871168,        0,        0, 0.2123108,        0,        0,        0,        0 ],
"metap": [        4, 3.541367, 3.432033, 3.311819, 2.661298,  2.43651, 2.378467, 2.203432, 2.101338,  1.71772, 1.624055, 1.624055, 1.448122, 0.9551715, 0.8306407, 0.6626134, 0.6348475, 0.6051039, 0.5484565, 0.5027605, 0.481372, 0.1528243,        0 ],
"pathnames": [ "Vitamin B6 (pyridoxine) metabolism", "Methionine and cysteine metabolism", "Phosphatidylinositol phosphate metabolism", "Hyaluronan Metabolism", "Porphyrin metabolism", "C5-Branched dibasic acid metabolism", "Ascorbate (Vitamin C) and Aldarate Metabolism", "Hexose phosphorylation", "Butanoate metabolism", "Ubiquinone Biosynthesis", "Chondroitin sulfate degradation", "Heparan sulfate degradation", "D4&E4-neuroprostanes formation", "Linoleate metabolism", "Prostaglandin formation from arachidonate", "Sialic acid metabolism", "Urea cycle/amino group metabolism", "Pentose and Glucuronate Interconversions", "Glycerophospholipid metabolism", "TCA cycle", "Tyrosine metabolism", "Purine metabolism", "Tryptophan metabolism" ] 
}