{
 "pval": [        4, 0.07427635, 2.628451, 1.541589, 3.335899, 1.801605,  1.98672,  3.00928, 3.241423, 1.306802, 2.701231, 0.7869606, 1.395043, 0.884171, 2.628451, 0.5988512, 2.134773,        0, 2.354967, 0.884171, 1.395043, 0.1647127, 1.951823, 1.156715, 0.1950303, 0.5259745,  1.52198, 0.884171, 0.7758444, 0.2655682, 0.1647127, 1.021626, 0.4040457, 0.1125976, 0.4040457, 0.3526632, 0.004870445, 0.3526632, 0.4614604, 0.2655682, 0.306857 ],
"enr": [ 1.584211,        4, 2.036579, 2.597826, 1.243986,  2.01873, 1.764076, 0.8930689, 0.7359697, 1.607997, 0.7099448, 1.830529, 1.337993, 1.547446, 0.4140367, 1.547446, 0.5194723, 1.815101, 0.3509889, 1.242286, 0.7915004, 1.337993, 0.07573805, 0.5278592, 1.083593, 0.7737229, 0.1490539, 0.4211765, 0.4369147, 0.6460248, 0.5354075,        0, 0.2660953, 0.3887681, 0.1833827, 0.1099449, 0.2981443, 0.07204088,        0, 0.08799009, 0.05443951 ],
"metap": [        4, 3.972285, 3.477327, 3.331504, 3.024553, 2.802009, 2.628216, 2.340104, 2.323905, 1.934493, 1.896655, 1.818569, 1.687728, 1.567216, 1.510616, 1.372924, 1.292896, 1.261359, 1.259072, 1.236356, 1.097142, 0.8802667, 0.7353633, 0.6968656, 0.6594189, 0.5671033, 0.5615802, 0.4573803, 0.4158591, 0.3326849, 0.2100955, 0.2077018, 0.1343476, 0.1011828, 0.08787534, 0.03557007, 0.02311264, 0.01878185, 0.01681661, 0.003117277,        0 ],
"pathnames": [ "Vitamin B2 (riboflavin) metabolism", "Tyrosine metabolism", "Biopterin metabolism", "Selenoamino acid metabolism", "Xenobiotics metabolism", "Vitamin B12 (cyanocobalamin) metabolism", "Drug metabolism - cytochrome P450", "Arginine and Proline Metabolism", "Fatty acid activation", "Tryptophan metabolism", "Glycerophospholipid metabolism", "Purine metabolism", "Methionine and cysteine metabolism", "Drug metabolism - other enzymes", "Ubiquinone Biosynthesis", "N-Glycan Degradation", "Glyoxylate and Dicarboxylate Metabolism", "Ascorbate (Vitamin C) and Aldarate Metabolism", "Lysine metabolism", "Keratan sulfate degradation", "Butanoate metabolism", "Androgen and estrogen biosynthesis and metabolism", "Urea cycle/amino group metabolism", "Vitamin B6 (pyridoxine) metabolism", "Sialic acid metabolism", "TCA cycle", "C21-steroid hormone biosynthesis and metabolism", "Glycosphingolipid metabolism", "Fructose and mannose metabolism", "Pentose and Glucuronate Interconversions", "Pentose phosphate pathway", "Aspartate and asparagine metabolism", "Aminosugars metabolism", "Histidine metabolism", "Vitamin B3 (nicotinate and nicotinamide) metabolism", "Hexose phosphorylation", "Glycine, serine, alanine and threonine metabolism", "Heparan sulfate degradation", "Chondroitin sulfate degradation", "Porphyrin metabolism", "Phosphatidylinositol phosphate metabolism" ] 
}